Fuel,Date,CCM,Horse_power,KW,Kms_run,Price,Name
Dízel,2018/12,1 950 cm³,194 LE,143 kW,8 010 km,10 490 000,MERCEDES-BENZ C 220 d 9G-TRONIC FACELIFT! Digit.műszerfal. 360 kamera. Avantgarde és ÁFÁ-s.Nyílt végű!8eKM!
Dízel,2014/6,2 143 cm³,170 LE,125 kW,121 897 km,6 990 000,MERCEDES-BENZ C 220 BlueTEC/d 7G-TRONIC Magyar.1gazdás.Vez.szervízk
Dízel,2017/3,2 143 cm³,170 LE,125 kW,75 000 km,7 990 000,MERCEDES-BENZ C 220 T d 9G-TRONIC Áfá-s
Dízel,2016/8,2 143 cm³,170 LE,125 kW,16 930 km,9 399 000,MERCEDES-BENZ C 220 BlueTEC/d
Dízel,2018/7,2 143 cm³,170 LE,125 kW,22 485 km,9 990 000,MERCEDES-BENZ C 220 d 9G-TRONIC Mo.-i. Garanciális. szervízkönyv!!! ÁFÁS!!!
Dízel,2018/4,2 143 cm³,170 LE,125 kW,40 000 km,10 490 000,MERCEDES-BENZ C 220 d 9G-TRONIC Áfás. ISP. Garancia!
Dízel,2017/8,2 143 cm³,170 LE,125 kW,72 000 km,10 888 000,MERCEDES-BENZ C 220 d 4Matic 9G-TRONIC PLUS ÁFÁS! Coupe! Mo.i. ISP. Garancia. Sok Extra!
Dízel,2018/9,1 950 cm³,194 LE,143 kW,28 541 km,11 590 000,MERCEDES-BENZ C 220 T d 9G-TRONIC mo-i. garancia. ISP. 1 tulajdonos
Dízel,2018/9,1 950 cm³,194 LE,143 kW,5 000 km,11 933 873,MERCEDES-BENZ C 220 d 9G-TRONIC Nettó 9.396.750 Ft + ÁFA
Dízel,2018/3,2 143 cm³,170 LE,125 kW,75 000 km,11 990 000,MERCEDES-BENZ C 220 T d 4Matic 9G-TRONIC Áfás! ISP.AMG Styling!
Dízel,2018/2,2 143 cm³,170 LE,125 kW,42 000 km,12 000 000,MERCEDES-BENZ C 220 d 4Matic 9G-TRONIC M.O.i . ÁFÁS . ISP !
Dízel,2018,1 950 cm³,194 LE,143 kW,18 797 km,12 299 000,MERCEDES-BENZ C 220 T d 9G-TRONIC AMG Line külső6belső!
Dízel,2019/4,1 950 cm³,194 LE,143 kW,20 000 km,12 500 000,MERCEDES-BENZ C 220 d 4Matic 9G-TRONIC M.O.i . ÁFÁS. ISP
Dízel,2019/2,1 950 cm³,194 LE,143 kW,15 000 km,12 560 000,MERCEDES-BENZ C 220 d 9G-TRONIC
Dízel,2018/12,1 950 cm³,194 LE,143 kW,15 981 km,12 990 000,MERCEDES-BENZ C 220 d 4Matic 9G-TRONIC MAGYAR.ÁFÁS. ISP GARANCIA!
Dízel,2018/12,1 950 cm³,194 LE,143 kW,13 277 km,12 990 000,MERCEDES-BENZ C 220 d 4Matic 9G-TRONIC MAGYAR.ÁFÁS. ISP GARANCIA!
Dízel,2018/6,1 950 cm³,194 LE,143 kW,10 000 km,13 082 873,MERCEDES-BENZ C 220 T d 9G-TRONIC Nettó 10.301.474 + 2.781.399 Á
Dízel,2018/12,1 950 cm³,194 LE,143 kW,9 212 km,13 490 000,MERCEDES-BENZ C 220 d 4Matic 9G-TRONIC MAGYAR.ÁFÁS. ISP GARANCIA!
Dízel,2019/4,1 950 cm³,194 LE,143 kW,14 000 km,13 700 000,MERCEDES-BENZ C 220 d 4Matic 9G-TRONIC M.O.i .ÁFÁS .ISP TESZTAUTÓ
Dízel,2018/12,1 950 cm³,194 LE,143 kW,23 233 km,14 490 000,MERCEDES-BENZ C 220 d 4Matic 9G-TRONIC mo-i. áfá-s. garancia. ISP. 1 tulajdonos
Dízel,2018/12,1 950 cm³,194 LE,143 kW,23 535 km,14 490 000,MERCEDES-BENZ C 220 T d 4Matic 9G-TRONIC mo-i. áfá-s. garancia. 1 tulajdonos
Dízel,2019/1,1 950 cm³,194 LE,143 kW,43 000 km,15 300 000,MERCEDES-BENZ C 220 T d 9G-TRONIC ÁFÁS-! ISP !
Dízel,2002,2 148 cm³,143 LE,105 kW,280 325 km,850 000,MERCEDES-BENZ C 220 C CDI . Áfás. klíma
Dízel,2006/11,2 148 cm³,150 LE,110 kW,258 000 km,1 780 000,MERCEDES-BENZ C 220 T CDI Avantgarde (Automata)
Dízel,2005,2 148 cm³,150 LE,110 kW,176 135 km,1 850 000,MERCEDES-BENZ C 220 C CDI . navi. xenon
Dízel,2010/10,2 143 cm³,170 LE,125 kW,231 000 km,2 350 000,MERCEDES-BENZ C 220 T CDI BlueEFFICIENCY Classic
Dízel,2008/10,2 148 cm³,170 LE,125 kW,270 000 km,2 450 000,MERCEDES-BENZ C 220 CDI Elegance Megkimélt állapot!!!
Dízel,2010/9,2 143 cm³,170 LE,125 kW,284 000 km,2 499 000,MERCEDES-BENZ C 220 T CDI BlueEFFICIENCY Elegance NAGY NAVIGÁCIÓ/17ALU+ajándék téli 16-os alufelni garnitúra
Dízel,2010/8,2 143 cm³,170 LE,125 kW,221 334 km,2 550 000,MERCEDES-BENZ C 220 T CDI BlueEFFICIENCY Elegance (Automata)
Dízel,2010,2 148 cm³,170 LE,125 kW,251 238 km,2 600 000,MERCEDES-BENZ C 220 C CDI. automata. navi
Dízel,2007/5,2 148 cm³,170 LE,125 kW,249 001 km,2 661 000,MERCEDES-BENZ C 220 CDI Avantgarde (Automata) Nagyszerviz Felújított Automata váltó!!
Dízel,2008/2,2 148 cm³,170 LE,125 kW,217 000 km,2 999 999,MERCEDES-BENZ C 220 T CDI Avantgarde (Automata)
Dízel,2011/1,2 143 cm³,170 LE,125 kW,249 998 km,2 990 000,MERCEDES-BENZ C 220 T CDI BlueEFFICIENCY Avantgarde (Automata) AMG SPORT/1.TULAJ/GAR.KM
Dízel,2011/2,2 143 cm³,170 LE,125 kW,95 112 km,4 190 000,MERCEDES-BENZ C 220 CDI BlueEFFICIENCY Avantgarde 95e km. kifogástalan
Dízel,2015/3,2 143 cm³,170 LE,125 kW,165 537 km,5 425 000,MERCEDES-BENZ C 220 T BlueTEC/d 7G-TRONIC Háztól eladó!
Dízel,2014/12,2 143 cm³,170 LE,125 kW,211 000 km,6 290 000,MERCEDES-BENZ C 220 T BlueTEC d
Dízel,2014/7,2 143 cm³,170 LE,125 kW,80 230 km,6 500 000,MERCEDES-BENZ C 220 CDI BlueEFFICIENCY Avantgarde (Automata)
Dízel,2014/8,2 143 cm³,170 LE,125 kW,89 000 km,6 800 000,MERCEDES-BENZ C 220 BlueTEC/d 7G-TRONIC AMG Styling! M.O.I. Valós Km!!
Dízel,2015/3,2 143 cm³,170 LE,125 kW,91 225 km,7 400 000,MERCEDES-BENZ C 220 T BlueTEC/d 7G-TRONIC LED fényszóró. Állófűtés
Dízel,2017,2 143 cm³,170 LE,125 kW,41 178 km,9 990 000,MERCEDES-BENZ C 220 d 9G-TRONIC
Dízel,2018/5,1 950 cm³,194 LE,143 kW,39 000 km,11 690 000,MERCEDES-BENZ C 220 d 9G-TRONIC
Dízel,2019,1 950 cm³,194 L,143 kW,0,15 990 000,MERCEDES-BENZ C 220 d 4Matic 9G-TRONIC
Benzin/Gáz,1996/3,2 199 cm³,150 LE,110 kW,214 567 km,160 000,MERCEDES-BENZ C 220 Classic
Dízel,1997/10,2 155 cm³,95 LE,70 kW,490 000 km,170 000,MERCEDES-BENZ C 220 D Elegance
Dízel,1997/1,2 155 cm³,95 LE,70 kW,270 000 km,165 000,MERCEDES-BENZ C 220 D Classic Sole
Dízel,1997,2 155 cm³,95 LE,70 kW,230 000 km,230 000,MERCEDES-BENZ C 220 T D Classic
Dízel,2001/12,2 148 cm³,143 LE,105 kW,280 000 km,299 999,MERCEDES-BENZ C 220 CDI Elegance (Automata)
Dízel,2001/6,2 148 cm³,143 LE,105 kW,261 km,300 000,MERCEDES-BENZ C 220 CDI Classic (Automata)
Dízel,1998/1,2 155 cm³,95 LE,70 kW,262 000 km,320 000,MERCEDES-BENZ C 220 D Classic
Dízel,2000/4,2 151 cm³,125 LE,92 kW,256 230 km,420 000,MERCEDES-BENZ C 220 T CDI Esprit
Dízel,1998,2 155 cm³,95 LE,70 kW,368 000 km,450 000,MERCEDES-BENZ C 220 T D Classic
Dízel,1998/4,2 155 cm³,95 LE,70 kW,222 840 km,325 000,MERCEDES-BENZ C 220 T D Classic
Dízel,2002/3,2 148 cm³,143 LE,105 kW,368 000 km,490 000,MERCEDES-BENZ C 220 CDI Sportcoupe 2év műszaki
Dízel,1996/9,2 155 cm³,95 LE,70 kW,181 000 km,550 000,MERCEDES-BENZ C 220 T D Classic
Dízel,2000/6,2 151 cm³,125 LE,92 kW,201 000 km,560 000,MERCEDES-BENZ C 220 CDI Classic Műszakilag tökéletes!Irányár
Dízel,2000/6,2 151 cm³,125 LE,92 kW,244 000 km,565 000,MERCEDES-BENZ C 220 CDI Elegance
Dízel,1996,2 155 cm³,95 LE,70 kW,1 km,590 000,MERCEDES-BENZ C 220 D Elegance
Dízel,2001/9,2 148 cm³,143 LE,105 kW,245 000 km,600 000,MERCEDES-BENZ C 220 CDI Sportcoupe
Dízel,1997/8,2 155 cm³,95 LE,70 kW,440 000 km,620 000,MERCEDES-BENZ C 220 D Classic
Dízel,2000/12,2 148 cm³,143 LE,105 kW,324 000 km,650 000,MERCEDES-BENZ C 220 CDI Classic
Dízel,1997/4,2 155 cm³,95 LE,70 kW,114 000 km,650 000,MERCEDES-BENZ C 220 D Classic
Dízel,1999,2 151 cm³,125 LE,92 kW,316 769 km,650 000,MERCEDES-BENZ C 220 T CDI Elegance
Dízel,2002,2 148 cm³,143 LE,105 kW,420 000 km,650 000,MERCEDES-BENZ C 220 T CDI Classic
Dízel,2001/12,2 148 cm³,143 LE,105 kW,450 000 km,650 000,MERCEDES-BENZ C 220 T CDI Elegance
Dízel,2001/7,2 148 cm³,143 LE,105 kW,312 444 km,350 000,MERCEDES-BENZ C 220 CDI Sportcoupe
Dízel,2000/1,2 151 cm³,125 LE,92 kW,260 000 km,650 000,MERCEDES-BENZ C 220 T CDI Elegance
Benzin,1994/6,2 199 cm³,150 LE,110 kW,274 570 km,650 000,MERCEDES-BENZ C 220 Elegance Nagyon szép!!
Dízel,2002/4,2 148 cm³,143 LE,105 kW,333 000 km,690 000,MERCEDES-BENZ C 220 CDI Sportcoupe Sequentronic 2 ÉV MŰSZAKI
Dízel,1999/6,2 151 cm³,125 LE,92 kW,327 000 km,690 000,MERCEDES-BENZ C 220 CDI Classic
Dízel,2002/11,2 148 cm³,143 LE,105 kW,400 000 km,699 000,MERCEDES-BENZ C 220 CDI Avantgarde (Automata) SZÉP ÁLLAPOT.KITŰNŐ MOTOR.DIGITKLÍMA
Dízel,2002/6,2 148 cm³,143 LE,105 kW,218 000 km,699 000,MERCEDES-BENZ C 220 T CDI Elegance (Automata)
Dízel,2003/1,2 148 cm³,143 LE,105 kW,276 000 km,700 000,MERCEDES-BENZ C 220 T CDI Avantgarde (Automata)
Dízel,2000/2,2 151 cm³,125 LE,92 kW,304 000 km,719 000,MERCEDES-BENZ C 220 T CDI Elegance
Dízel,2001,2 148 cm³,143 LE,105 kW,350 000 km,720 000,MERCEDES-BENZ C 220 T CDI Avantgarde
Dízel,2003/12,2 148 cm³,143 LE,105 kW,419 480 km,750 000,MERCEDES-BENZ C 220 T CDI Elegance (Automata)
Dízel,1999,2 151 cm³,125 LE,92 kW,313 000 km,760 000,MERCEDES-BENZ C 220 T CDI Classic
Dízel,1999/12,2 151 cm³,125 LE,92 kW,130 000 km,798 000,MERCEDES-BENZ C 220 CDI Esprit
Dízel,2003/3,2 148 cm³,143 LE,105 kW,392 000 km,799 000,MERCEDES-BENZ C 220 T CDI Classic (Automata)
Dízel,2001/6,2 148 cm³,143 LE,105 kW,320 000 km,849 000,MERCEDES-BENZ C 220 T CDI Elegance Cserelehetőség!!! Klímás!
Dízel,1997/10,2 155 cm³,95 LE,70 kW,178 000 km,850 000,MERCEDES-BENZ C 220 D Classic
Dízel,2000/2,2 151 cm³,125 LE,92 kW,299 000 km,850 000,MERCEDES-BENZ C 220 CDI Esprit
Dízel,2002,2 148 cm³,143 LE,105 kW,291 000 km,850 000,MERCEDES-BENZ C 220 CDI Elegance
Benzin,1995/2,2 199 cm³,150 LE,110 kW,185 000 km,570 000,MERCEDES-BENZ C 220 Elegance
Dízel,2002/10,2 148 cm³,143 LE,105 kW,249 000 km,869 000,MERCEDES-BENZ C 220 T CDI Avantgarde (Automata) Rozsdamentes! 17coll!
Dízel,2002/1,2 148 cm³,143 LE,105 kW,280 500 km,870 000,MERCEDES-BENZ C 220 CDI Sportcoupe (Automata)
Dízel,2001,2 148 cm³,143 LE,105 kW,230 000 km,879 000,MERCEDES-BENZ C 220 CDI Elegance
Dízel,2002/11,2 148 cm³,143 LE,105 kW,280 000 km,890 000,MERCEDES-BENZ C 220 CDI Sportcoupe (Automata)
Dízel,2001/7,2 148 cm³,143 LE,105 kW,258 400 km,700 000,MERCEDES-BENZ C 220 CDI Classic
Dízel,2003/12,2 148 cm³,143 LE,105 kW,286 000 km,890 000,MERCEDES-BENZ C 220 T CDI Avantgarde
Dízel,2003,2 148 cm³,143 LE,105 kW,231 124 km,890 000,MERCEDES-BENZ C 220
Dízel,2003/11,2 148 cm³,143 LE,105 kW,289 000 km,899 000,MERCEDES-BENZ C 220 CDI Elegance (Automata)
Dízel,2003/1,2 148 cm³,143 LE,105 kW,264 000 km,699 000,MERCEDES-BENZ C 220 CDI Avantgarde
Dízel,2001/3,2 148 cm³,143 LE,105 kW,274 000 km,899 000,MERCEDES-BENZ C 220 CDI Sportcoupe AUTÓ+MOTOR BESZÁMÍTÁS!
Dízel,2002/12,2 148 cm³,143 LE,105 kW,267 700 km,900 000,MERCEDES-BENZ C 220 T CDI Classic
Dízel,2005/5,2 148 cm³,150 LE,110 kW,286 200 km,750 000,MERCEDES-BENZ C 220 CDI Elegance (Automata)
Dízel,1996/1,2 155 cm³,95 LE,70 kW,146 000 km,900 000,MERCEDES-BENZ C 220 D Classic Sole
Dízel,2001/5,2 148 cm³,143 LE,105 kW,279 000 km,935 000,MERCEDES-BENZ C 220 CDI Avantgarde (Automata)
Dízel,2002/6,2 148 cm³,143 LE,105 kW,350 000 km,949 000,MERCEDES-BENZ C 220 T CDI Elegance Szép állapotban!Szervizelt!
Dízel,2001/1,2 151 cm³,125 LE,92 kW,184 000 km,949 000,MERCEDES-BENZ C 220 T CDI Classic ÖNERŐ NÉLKÜL ELVIHETŐ!! 18.000 FT TÖRLESZTŐ SZERVÍZKÖNYVES!!
Dízel,2002/12,2 148 cm³,143 LE,105 kW,184 000 km,949 000,MERCEDES-BENZ C 220 CDI Sportcoupe
Dízel,2002,2 148 cm³,143 LE,105 kW,271 750 km,950 000,MERCEDES-BENZ C 220 CDI Classic (Automata)
Dízel,2003/2,2 148 cm³,143 LE,105 kW,282 500 km,950 000,MERCEDES-BENZ C 220 CDI Avantgarde (Automata)
Dízel,2000/3,2 151 cm³,125 LE,92 kW,370 990 km,950 000,MERCEDES-BENZ C 220 CDI Classic Megkímélt állapot
Dízel,2003/8,2 148 cm³,143 LE,105 kW,369 000 km,979 000,MERCEDES-BENZ C 220 T CDI Classic (Automata)
Dízel,2006/6,2 148 cm³,150 LE,110 kW,115 000 km,990 000,MERCEDES-BENZ C 220 T CDI Classic (Automata)
Dízel,1998/7,2 151 cm³,125 LE,92 kW,345 000 km,990 000,MERCEDES-BENZ C 220 CDI Elegance
Dízel,2002/4,2 148 cm³,143 LE,105 kW,195 000 km,990 000,MERCEDES-BENZ C 220 T CDI Classic (Automata)
Dízel,2002,2 148 cm³,143 LE,105 kW,236 300 km,999 000,MERCEDES-BENZ C 220 CDI Classic (Automata)
Dízel,2003/8,2 148 cm³,143 LE,105 kW,202 887 km,999 000,MERCEDES-BENZ C 220 CDI Classic
Dízel,1999/9,2 151 cm³,125 LE,92 kW,197 000 km,999 000,MERCEDES-BENZ C 220 CDI Classic 197ekm!Original!
Dízel,2004/7,2 148 cm³,150 LE,110 kW,275 211 km,999 500,MERCEDES-BENZ C 220 T CDI Classic
Dízel,2001/5,2 148 cm³,143 LE,105 kW,235 000 km,999 990,MERCEDES-BENZ C 220 CDI Sportcoupe Sequentronic 203 CL
Dízel,1996/7,2 155 cm³,95 LE,70 kW,179 000 km,999 999,MERCEDES-BENZ C 220 D Elegance Csere érdekel !!
Dízel,2004/2,2 148 cm³,143 LE,105 kW,347 453 km,1 000 000,MERCEDES-BENZ C 220 CDI Elegance (Automata)
Dízel,2006,2 148 cm³,150 LE,110 kW,434 000 km,1 050 000,MERCEDES-BENZ C 220 T CDI Avantgarde
Dízel,2002,2 148 cm³,143 LE,105 kW,397 000 km,1 050 000,MERCEDES-BENZ C 220 T CDI Elegance Megkímélt állapot!
Dízel,2002/1,2 148 cm³,143 LE,105 kW,315 000 km,1 050 000,MERCEDES-BENZ C 220 CDI Avantgarde
Dízel,2004/4,2 148 cm³,143 LE,105 kW,331 216 km,1 050 000,MERCEDES-BENZ C 220 T CDI Avantgarde Szép llapot.rozsdamentes.Magánszemély!!
Dízel,2002/4,2 148 cm³,143 LE,105 kW,248 000 km,1 050 000,MERCEDES-BENZ C 220 CDI Sportcoupe (Automata)
Dízel,2003/7,2 148 cm³,143 LE,105 kW,237 028 km,950 000,MERCEDES-BENZ C 220 CDI Classic
Dízel,2003/1,2 148 cm³,143 LE,105 kW,191 860 km,1 080 000,MERCEDES-BENZ C 220 T CDI Classic (Automata)
Dízel,2004/7,2 148 cm³,150 LE,110 kW,284 000 km,1 089 000,MERCEDES-BENZ C 220 CDI Classic
Dízel,2001/9,2 148 cm³,143 LE,105 kW,132 000 km,1 090 000,MERCEDES-BENZ C 220 CDI Sportcoupe (Automata)
Dízel,2006/3,2 148 cm³,150 LE,110 kW,300 000 km,1 099 000,MERCEDES-BENZ C 220 CDI Classic
Dízel,2004/3,2 148 cm³,143 LE,105 kW,270 000 km,1 099 000,MERCEDES-BENZ C 220 T CDI Avantgarde
Dízel,2004/4,2 148 cm³,143 LE,105 kW,240 000 km,1 099 000,MERCEDES-BENZ C 220 T CDI Elegance (Automata)
Dízel,2003/8,2 148 cm³,143 LE,105 kW,300 000 km,1 150 000,MERCEDES-BENZ C 220 CDI Classic
Dízel,2005/6,2 148 cm³,150 LE,110 kW,380 000 km,1 150 000,MERCEDES-BENZ C 220 T CDI Avantgarde (Automata)
Dízel,2001/6,2 148 cm³,143 LE,105 kW,213 287 km,1 150 000,MERCEDES-BENZ C 220 T CDI Elegance (Automata)
Dízel,2002,2 148 cm³,143 LE,105 kW,280 000 km,1 050 000,MERCEDES-BENZ C 220 T CDI Classic
Dízel,2002/3,2 148 cm³,143 LE,105 kW,218 000 km,1 150 000,MERCEDES-BENZ C 220 CDI Sportcoupe
Dízel,2004/12,2 200 cm³,143 LE,105 kW,298 000 km,1 199 000,MERCEDES-BENZ C 220 T CDI CLASSIC NAVI ÜLÉSFŰTÉS FRISS MŰSZAKI
Dízel,2005/3,2 148 cm³,150 LE,110 kW,198 600 km,1 199 000,MERCEDES-BENZ C 220 T CDI Classic (Automata) Xenon
Dízel,1998,2 151 cm³,125 LE,92 kW,326 415 km,1 200 000,MERCEDES-BENZ C 220 T CDI Elegance
Dízel,2001,2 148 cm³,143 LE,105 kW,194 300 km,1 200 000,MERCEDES-BENZ C 220 CDI Sportcoupe (Automata)
Dízel,2002/7,2 148 cm³,143 LE,105 kW,160 638 km,1 219 000,MERCEDES-BENZ C 220 CDI Sportcoupe (Automata) 1 GAZDÁS! MEGKÍMÉLT! 160.000KM!
Dízel,2002/6,2 148 cm³,143 LE,105 kW,225 000 km,1 249 000,MERCEDES-BENZ C 220 T CDI Classic
Dízel,2002/6,2 148 cm³,143 LE,105 kW,205 400 km,1 050 000,MERCEDES-BENZ C 220 CDI Sportcoupe (Automata)
Dízel,2002/12,2 148 cm³,143 LE,105 kW,232 000 km,1 250 000,MERCEDES-BENZ C 220 CDI Sportcoupe
Dízel,2001,2 148 cm³,143 LE,105 kW,153 000 km,1 250 000,MERCEDES-BENZ C 220 CDI Classic (Automata)
Dízel,2004/6,2 148 cm³,143 LE,105 kW,293 000 km,1 150 000,MERCEDES-BENZ C 220 T CDI Avantgarde Friss magyar műszaki
Dízel,2003/1,2 148 cm³,143 LE,105 kW,260 000 km,1 290 000,MERCEDES-BENZ C 220 CDI Sportcoupe (Automata) TEMPOMAT.JÓL FELSZERELT
Dízel,2004/7,2 148 cm³,143 LE,105 kW,351 000 km,1 290 000,MERCEDES-BENZ C 220 T CDI Classic Magánszemélytöl
Dízel,2004/12,2 148 cm³,150 LE,110 kW,299 000 km,1 290 000,MERCEDES-BENZ C 220 T CDI Avantgarde
Dízel,2001/6,2 148 cm³,143 LE,105 kW,204 000 km,1 290 000,MERCEDES-BENZ C 220 T CDI Classic ÖNERŐ NÉLKÜL HITELRE IS ELVIHE
Dízel,2002,2 148 cm³,143 LE,105 kW,240 000 km,1 295 000,MERCEDES-BENZ C 220 T CDI Elegance (Automata)
Dízel,2005/11,2 148 cm³,150 LE,110 kW,3 km,1 299 000,MERCEDES-BENZ C 220 T CDI Classic (Automata) Ülésfűtés-Tempomat-Vonóhorog
Dízel,2003/9,2 148 cm³,143 LE,105 kW,312 000 km,1 299 000,MERCEDES-BENZ C 220 CDI Elegance
Dízel,2005/12,2 148 cm³,150 LE,110 kW,368 000 km,1 330 000,MERCEDES-BENZ C 220 T CDI Classic
Dízel,2005/7,2 148 cm³,150 LE,110 kW,258 321 km,1 349 000,MERCEDES-BENZ C 220 CDI Sportcoupe
Dízel,2004/1,2 148 cm³,150 LE,110 kW,256 812 km,1 399 000,MERCEDES-BENZ C 220 CDI Sportcoupe
Dízel,2006/6,2 148 cm³,150 LE,110 kW,265 000 km,1 399 000,MERCEDES-BENZ C 220 CDI Elegance (Automata)
Dízel,2006/2,2 148 cm³,150 LE,110 kW,315 000 km,1 399 000,MERCEDES-BENZ C 220 T CDI Classic (Automata)
Dízel,2006/6,2 148 cm³,150 LE,110 kW,237 000 km,1 400 000,MERCEDES-BENZ C 220 CDI Avantgarde (Automata)
Dízel,2006/8,2 148 cm³,150 LE,110 kW,340 000 km,1 400 000,MERCEDES-BENZ C 220 T CDI Classic (Automata)
Dízel,2005/9,2 148 cm³,150 LE,110 kW,246 000 km,1 449 000,MERCEDES-BENZ C 220 T CDI Avantgarde
Dízel,2005,2 148 cm³,150 LE,110 kW,253 457 km,1 450 000,MERCEDES-BENZ C 220 T CDI Avantgarde
Dízel,2005/6,2 148 cm³,150 LE,110 kW,310 000 km,1 480 000,MERCEDES-BENZ C 220 CDI Classic
Dízel,2007/3,2 148 cm³,150 LE,110 kW,302 000 km,1 490 000,MERCEDES-BENZ C 220 T CDI Avantgarde (Automata)
Dízel,2005/7,2 148 cm³,150 LE,110 kW,300 008 km,1 490 000,MERCEDES-BENZ C 220 CDI Elegance (Automata)
Dízel,2003/6,2 148 cm³,143 LE,105 kW,145 000 km,1 490 000,MERCEDES-BENZ C 220 CDI Avantgarde (Automata)
Dízel,2005/10,2 148 cm³,150 LE,110 kW,295 000 km,1 490 000,MERCEDES-BENZ C 220 T CDI Avantgarde (Automata)
Dízel,2005/10,2 148 cm³,150 LE,110 kW,149 397 km,1 499 000,MERCEDES-BENZ C 220 T CDI Classic (Automata)
Dízel,1995/7,2 155 cm³,95 LE,70 kW,123 000 km,1 500 000,MERCEDES-BENZ C 220 D Classic
Dízel,2003/7,2 148 cm³,143 LE,105 kW,176 023 km,1 550 000,MERCEDES-BENZ C 220 CDI Classic
Dízel,2005/8,2 148 cm³,150 LE,110 kW,210 000 km,1 400 000,MERCEDES-BENZ C 220 CDI Elegance
Dízel,2006/1,2 148 cm³,150 LE,110 kW,240 500 km,1 550 000,MERCEDES-BENZ C 220 T CDI Classic (Automata)
Dízel,2005/11,2 148 cm³,150 LE,110 kW,240 310 km,1 590 000,MERCEDES-BENZ C 220 T CDI Elegance (Automata) KITŰNŐ ÁLLAPOT.108.000KM-es MOTOR!!!
Dízel,2007/3,2 148 cm³,150 LE,110 kW,282 956 km,1 590 000,MERCEDES-BENZ C 220 CDI Elegance (Automata) tempomat.radar.navi.friss szer
Dízel,2006/9,2 148 cm³,150 LE,110 kW,230 000 km,1 599 999,MERCEDES-BENZ C 220 CDI Avantgarde (Automata)
Dízel,2005/12,2 148 cm³,150 LE,110 kW,390 000 km,1 600 000,MERCEDES-BENZ C 220 T CDI Classic
Dízel,2004/4,2 148 cm³,150 LE,110 kW,247 000 km,1 600 000,MERCEDES-BENZ C 220 CDI Classic
Dízel,2005/8,2 148 cm³,150 LE,110 kW,234 560 km,1 620 000,MERCEDES-BENZ C 220 T CDI Avantgarde (Automata)
Dízel,2007/2,2 148 cm³,150 LE,110 kW,262 000 km,1 650 000,MERCEDES-BENZ C 220 T CDI Elegance
Dízel,2006,2 148 cm³,150 LE,110 kW,165 000 km,1 650 000,MERCEDES-BENZ C 220 CDI Sportcoupe
Dízel,2008/6,2 148 cm³,150 LE,110 kW,273 000 km,1 790 000,MERCEDES-BENZ C 220 T CDI Avantgarde sport edition
Dízel,1995/5,2 155 cm³,95 LE,70 kW,128 022 km,1 799 000,MERCEDES-BENZ C 220 D Elegance 128e.km!
Dízel,2006/3,2 148 cm³,150 LE,110 kW,281 264 km,1 849 000,MERCEDES-BENZ C 220 CDI Avantgarde (Automata) Sport Edition + PAJZS
Dízel,2007/9,2 148 cm³,150 LE,110 kW,260 167 km,1 849 000,MERCEDES-BENZ C 220 T CDI Elegance GARANCIÁVAL!!
Dízel,2010/3,2 148 cm³,170 LE,125 kW,300 250 km,1 850 000,MERCEDES-BENZ C 220 T CDI Elegance (Automata)
Dízel,2010/4,2 143 cm³,170 LE,125 kW,350 000 km,1 850 000,MERCEDES-BENZ C 220
Dízel,2007/1,2 148 cm³,150 LE,110 kW,197 120 km,1 870 000,MERCEDES-BENZ C 220 CDI Sportcoupe TÖRÉSMENTES SZÉP ÁLLAPOT!!!
Dízel,2004/10,2 148 cm³,150 LE,110 kW,276 000 km,1 899 000,MERCEDES-BENZ C 220 CDI Bőr belső! Megkímélt!
Dízel,2006/11,2 148 cm³,150 LE,110 kW,147 777 km,1 949 000,MERCEDES-BENZ C 220 CDI Elegance (Automata)
Dízel,2006/2,2 148 cm³,150 LE,110 kW,203 341 km,1 990 000,MERCEDES-BENZ C 220 CDI Avantgarde (Automata) TEMP!ÜLÉSFŰTÉS!NAVI!
Dízel,2007/10,2 148 cm³,170 LE,125 kW,235 000 km,1 995 000,MERCEDES-BENZ C 220 CDI Elegance (Automata)
Dízel,2007/2,2 148 cm³,150 LE,110 kW,176 852 km,1 999 000,MERCEDES-BENZ C 220 CDI Elegance NAVI+TEMPOMAT+ALUFELNI!!
Dízel,2006/11,2 148 cm³,150 LE,110 kW,288 000 km,1 999 999,MERCEDES-BENZ C 220 T CDI Avantgarde (Automata) SPORT EDITION vezetett szerviz
Dízel,2004/11,2 148 cm³,150 LE,110 kW,250 020 km,2 070 000,MERCEDES-BENZ C 220 CDI Avantgarde
Dízel,2008/10,2 148 cm³,170 LE,125 kW,454 659 km,2 100 000,MERCEDES-BENZ C 220 CDI Avantgarde (Automata)
Dízel,2008/7,2 148 cm³,170 LE,125 kW,277 000 km,2 150 000,MERCEDES-BENZ C 220 CDI Avantgarde 204 K
Dízel,2008/11,2 148 cm³,170 LE,125 kW,270 000 km,1 900 000,MERCEDES-BENZ C 220 T CDI Avantgarde C220T CDI
Dízel,2008/5,2 148 cm³,170 LE,125 kW,290 089 km,1 990 000,MERCEDES-BENZ C 220 T CDI Avantgarde (Automata) 1.TULAJ/GAR.KM
Dízel,2008/4,2 148 cm³,170 LE,125 kW,260 000 km,2 199 000,MERCEDES-BENZ C 220 T CDI Avantgarde (Automata) BŐR.NAVI.BIXENON.AMG PACKET
Dízel,2010/6,2 143 cm³,170 LE,125 kW,199 395 km,2 200 000,MERCEDES-BENZ C 220 T CDI BlueEFFICIENCY Classic (Automata)
Dízel,2008/1,2 148 cm³,170 LE,125 kW,403 000 km,2 250 000,MERCEDES-BENZ C 220 CDI Elegance (Automata)
Dízel,2002/12,2 148 cm³,143 LE,105 kW,139 000 km,2 288 000,MERCEDES-BENZ C 220 CDI Avantgarde (Automata)
Dízel,2009/7,2 148 cm³,170 LE,125 kW,342 000 km,2 290 000,MERCEDES-BENZ C 220 CDI Elegance
Dízel,2008,2 148 cm³,170 LE,125 kW,275 000 km,2 250 000,MERCEDES-BENZ C 220 CDI Avantgarde szervizkönyv Avantgarde tolatóradar
Dízel,2009/10,2 143 cm³,170 LE,125 kW,299 000 km,2 300 000,MERCEDES-BENZ C 220 T CDI BlueEFFICIENCY Elegance
Dízel,2009/2,2 148 cm³,170 LE,125 kW,314 578 km,2 145 000,MERCEDES-BENZ C 220 T CDI Classic
Dízel,2010/4,2 143 cm³,170 LE,125 kW,183 350 km,2 300 000,MERCEDES-BENZ C 220 T CDI BlueEFFICIENCY Classic (Automata)
Dízel,2008/5,2 148 cm³,170 LE,125 kW,224 000 km,2 350 000,MERCEDES-BENZ C 220 T CDI Avantgarde MANUÁLIS VÁLTÓ JÓ ÁLLAPOT
Dízel,2007/7,2 148 cm³,170 LE,125 kW,310 000 km,2 350 000,MERCEDES-BENZ C 220 CDI Classic
Dízel,2008/12,2 148 cm³,170 LE,125 kW,280 000 km,2 350 000,MERCEDES-BENZ C 220 T CDI Avantgarde (Automata) Navigáció!
Dízel,2010/5,2 143 cm³,170 LE,125 kW,343 000 km,2 350 000,MERCEDES-BENZ C 220 CDI BlueEFFICIENCY Avantgarde
Dízel,2008,2 148 cm³,170 LE,125 kW,242 000 km,2 399 000,MERCEDES-BENZ C 220 T CDI Avantgarde Navi-Xenon-PDC
Dízel,2007/8,2 148 cm³,170 LE,125 kW,240 150 km,2 435 000,MERCEDES-BENZ C 220 CDI Elegance
Dízel,2009/10,2 143 cm³,170 LE,125 kW,247 900 km,2 450 000,MERCEDES-BENZ C 220 T CDI BlueEFFICIENCY Avantgarde /Panoráma/6-os kéziváltó/Navi/
Dízel,2010/10,2 148 cm³,170 LE,125 kW,1 km,2 490 000,MERCEDES-BENZ C 220 CDI Avantgarde (Automata)
Dízel,1999/9,2 151 cm³,125 LE,92 kW,97 410 km,2 490 000,MERCEDES-BENZ C 220 CDI Elegance 97410 KM
Dízel,2009/11,2 143 cm³,170 LE,125 kW,297 000 km,2 499 000,MERCEDES-BENZ C 220 T CDI BlueEFFICIENCY Classic (Automata)
Dízel,2008/11,2 148 cm³,170 LE,125 kW,260 000 km,2 500 000,MERCEDES-BENZ C 220 T CDI Avantgarde (Automata)
Dízel,2009/5,2 148 cm³,170 LE,125 kW,365 604 km,2 500 000,MERCEDES-BENZ C 220 CDI Elegance (Automata)
Dízel,2007/11,2 148 cm³,170 LE,125 kW,219 000 km,2 550 000,MERCEDES-BENZ C 220 T CDI Avantgarde
Dízel,2007/12,2 148 cm³,170 LE,125 kW,299 000 km,2 590 000,MERCEDES-BENZ C 220 CDI Elegance (Automata)
Dízel,2010/5,2 143 cm³,170 LE,125 kW,190 000 km,2 599 000,MERCEDES-BENZ C 220 T CDI BlueEFFICIENCY Classic (Automata) JÓ ÁLLAPOT. KÉT ÉV MŰSZAKI
Dízel,2007/5,2 148 cm³,150 LE,110 kW,240 000 km,2 599 000,MERCEDES-BENZ C 220 CDI Avantgarde (Automata) Barna bőr. navi. üvegtető. aut. memóriás ülés. radar. xenon
Dízel,2011/1,2 143 cm³,170 LE,125 kW,239 743 km,2 599 999,MERCEDES-BENZ C 220 T CDI BlueEFFICIENCY Elegance (Automata) MEGA AKCIÓ+SZERVIZK+JÓ AUTÓ
Dízel,2010/11,2 143 cm³,170 LE,125 kW,205 000 km,2 599 999,MERCEDES-BENZ C 220 T CDI BlueEFFICIENCY Avantgarde (Automata) Napfénytető Ülésfűtés Navi
Dízel,2010/11,2 143 cm³,170 LE,125 kW,170 000 km,2 600 000,MERCEDES-BENZ C 220 CDI BlueEFFICIENCY Classic
Dízel,2007/10,2 148 cm³,170 LE,125 kW,219 200 km,2 600 000,MERCEDES-BENZ C 220 CDI Avantgarde
Dízel,2007/10,2 148 cm³,170 LE,125 kW,283 740 km,2 650 000,MERCEDES-BENZ C 220 CDI Avantgarde (Automata) KLÍMA!RADAR!ALU.!TEMPOMAT!
Dízel,2009/6,2 148 cm³,170 LE,125 kW,190 000 km,2 650 000,MERCEDES-BENZ C 220 CDI Classic (Automata) AUTOMATA.ELSŐ TULAJDONOS.ÚJSZERŰ ÁLLAPOT
Dízel,2008/11,2 148 cm³,170 LE,125 kW,209 445 km,2 690 000,MERCEDES-BENZ C 220 T CDI Elegance (Automata) AMG // BŐR-F1'VÁLTÓ-NAVI-17'ALUF
Dízel,2008/3,2 148 cm³,170 LE,125 kW,219 000 km,2 690 000,MERCEDES-BENZ C 220 CDI Avantgarde (Automata)
Dízel,2011/1,2 143 cm³,170 LE,125 kW,241 000 km,2 690 000,MERCEDES-BENZ C 220 T CDI BlueEFFICIENCY Elegance
Dízel,2009/12,2 143 cm³,170 LE,125 kW,277 448 km,2 700 000,MERCEDES-BENZ C 220 T CDI BlueEFFICIENCY Avantgarde
Dízel,2007/5,2 148 cm³,170 LE,125 kW,190 300 km,2 750 000,MERCEDES-BENZ C 220 CDI Avantgarde (Automata) AMG Pakett
Dízel,2008/11,2 148 cm³,170 LE,125 kW,283 000 km,2 750 000,MERCEDES-BENZ C 220 T CDI Avantgarde Logic7!HarmanKardon!Nagy navi!
Dízel,2007/11,2 148 cm³,170 LE,125 kW,147 111 km,2 790 000,MERCEDES-BENZ C 220 CDI Elegance (Automata)
Dízel,2010/7,2 143 cm³,170 LE,125 kW,177 749 km,2 790 000,MERCEDES-BENZ C 220 T CDI BlueEFFICIENCY Avantgarde (Automata)
Dízel,2008/6,2 148 cm³,170 LE,125 kW,227 508 km,2 790 000,MERCEDES-BENZ C 220 CDI Avantgarde (Automata)
Dízel,2008/6,2 148 cm³,170 LE,125 kW,214 534 km,2 795 000,MERCEDES-BENZ C 220 CDI Elegance (Automata) Kitűnő!!Csere-érdekel!!
Dízel,2008/10,2 148 cm³,170 LE,125 kW,178 000 km,2 800 000,MERCEDES-BENZ C 220 T CDI Elegance (Automata)
Dízel,2010,2 143 cm³,170 LE,125 kW,200 763 km,2 850 000,MERCEDES-BENZ C 220 CDI BlueEFFICIENCY Elegance
Dízel,2010/1,2 143 cm³,170 LE,125 kW,239 000 km,2 850 000,MERCEDES-BENZ C 220 CDI BlueEFFICIENCY Classic (Automata)
Dízel,2008/11,2 148 cm³,170 LE,125 kW,279 000 km,2 850 000,MERCEDES-BENZ C 220 T CDI Avantgarde (Automata) Avantgarde dupla üvegtető navi
Dízel,2009/8,2 148 cm³,170 LE,125 kW,214 000 km,2 890 000,MERCEDES-BENZ C 220 CDI Avantgarde (Automata)
Dízel,2009/7,2 143 cm³,170 LE,125 kW,165 000 km,2 899 000,MERCEDES-BENZ C 220 T CDI BlueEFFICIENCY Avantgarde (Automata) Gyönyörű!! Szervizkönyves!!
Dízel,2008/6,2 148 cm³,170 LE,125 kW,230 000 km,2 650 000,MERCEDES-BENZ C 220 T CDI Avantgarde
Dízel,2008/8,2 148 cm³,170 LE,125 kW,242 000 km,2 930 000,MERCEDES-BENZ C 220 T CDI Avantgarde
Dízel,2007/8,2 148 cm³,170 LE,125 kW,240 000 km,2 980 000,MERCEDES-BENZ C 220 CDI Avantgarde
Dízel,2007/10,2 148 cm³,170 LE,125 kW,236 000 km,2 990 000,MERCEDES-BENZ C 220 CDI Avantgarde
Dízel,2010/11,2 143 cm³,170 LE,125 kW,207 000 km,2 990 000,MERCEDES-BENZ C 220 CDI BlueEFFICIENCY Avantgarde (Automata) Sérülésmentes
Dízel,2008,2 148 cm³,170 LE,125 kW,228 000 km,2 990 000,MERCEDES-BENZ C 220 CDI Avantgarde
Dízel,2008/6,2 148 cm³,170 LE,125 kW,248 146 km,2 990 000,MERCEDES-BENZ C 220 CDI Avantgarde (Automata)
Dízel,2010/10,2 143 cm³,170 LE,125 kW,199 000 km,2 999 000,MERCEDES-BENZ C 220 CDI BlueEFFICIENCY Classic (Automata) CSERÉLHETŐ
Dízel,2011/9,2 143 cm³,170 LE,125 kW,382 000 km,2 999 000,MERCEDES-BENZ C 220 T CDI BlueEFFICIENCY Avantgarde (Automata)
Dízel,2009/10,2 143 cm³,170 LE,125 kW,218 533 km,3 000 000,MERCEDES-BENZ C 220 T CDI BlueEFFICIENCY Avantgarde (Automata)
Dízel,2008/5,2 148 cm³,170 LE,125 kW,218 000 km,3 000 000,MERCEDES-BENZ C 220 T CDI Avantgarde Nagy command
Dízel,2012/2,2 143 cm³,170 LE,125 kW,302 100 km,3 065 000,MERCEDES-BENZ C 220 T CDI BlueEFFICIENCY Avantgarde (Automata)
Dízel,2008/6,2 148 cm³,136 LE,100 kW,165 000 km,3 099 000,MERCEDES-BENZ C 220 CDI Avantgarde (Automata)
Dízel,2008/6,2 148 cm³,170 LE,125 kW,127 000 km,3 100 000,MERCEDES-BENZ C 220 CDI Avantgarde (Automata)
Dízel,2011/6,2 143 cm³,170 LE,125 kW,255 625 km,3 190 000,MERCEDES-BENZ C 220 CDI BlueEFFICIENCY Avantgarde (Automata)
Dízel,2013/2,2 143 cm³,170 LE,125 kW,214 393 km,3 190 000,MERCEDES-BENZ C 220 CDI BlueEFFICIENCY Classic Leinformálható!!
Dízel,2011/1,2 143 cm³,170 LE,125 kW,288 000 km,3 190 000,MERCEDES-BENZ C 220 T CDI BlueEFFICIENCY Elegance
Dízel,2011/3,2 143 cm³,170 LE,125 kW,179 000 km,3 200 000,MERCEDES-BENZ C 220 T CDI BlueEFFICIENCY Avantgarde
Dízel,2008/3,2 148 cm³,170 LE,125 kW,178 000 km,3 290 000,MERCEDES-BENZ C 220 CDI Elegance SZERVIZKÖNYV+SZERVIZSZÁMLÁK!
Dízel,2011/5,2 143 cm³,170 LE,125 kW,141 000 km,3 299 999,MERCEDES-BENZ C 220 CDI BlueEFFICIENCY Avantgarde (Automata)
Dízel,2007/10,2 148 cm³,170 LE,125 kW,74 000 km,3 100 000,MERCEDES-BENZ C 220 CDI Elegance (Automata) 74.000 km!!!!!! Szervizkönyv!!!!!!! Új Állapot
Dízel,2009/5,2 148 cm³,170 LE,125 kW,139 000 km,3 300 000,MERCEDES-BENZ C 220 CDI Elegance Garantált KM!!
Dízel,2011/8,2 143 cm³,170 LE,125 kW,264 321 km,3 339 000,MERCEDES-BENZ C 220 T CDI BlueEFFICIENCY Avantgarde Elsö gazdis
Dízel,2013/3,2 143 cm³,170 LE,125 kW,270 000 km,3 390 000,MERCEDES-BENZ C 220 CDI BlueEFFICIENCY Elegance
Dízel,2011/11,2 143 cm³,170 LE,125 kW,220 000 km,3 390 000,MERCEDES-BENZ C 220 T CDI BlueEFFICIENCY Avantgarde 220E KM/ NAVI / ÜLÉSFŰTÉS / TEMPOMAT
Dízel,2011/11,2 143 cm³,170 LE,125 kW,254 000 km,3 490 000,MERCEDES-BENZ C 220 CDI BlueEFFICIENCY Elegance (Automata) NAVIGÁCIÓ-PARKRADAR!!!
Dízel,2013/5,2 143 cm³,163 LE,120 kW,178 255 km,3 490 000,MERCEDES-BENZ C 220 T CDI BlueEFFICIENCY Avantgarde Friss műszaki
Dízel,2008/8,2 148 cm³,170 LE,125 kW,124 000 km,3 500 000,MERCEDES-BENZ C 220 CDI Avantgarde (Automata) Vez.szerv.könyv. gyári fény. 120 e km HK. konyak bőr nagy command
Dízel,2013/3,2 143 cm³,170 LE,125 kW,198 000 km,3 590 000,MERCEDES-BENZ C 220 CDI BlueEFFICIENCY Elegance (Automata) Végig szakszervizben szervizel
Dízel,2011/4,2 143 cm³,170 LE,125 kW,264 000 km,3 590 000,MERCEDES-BENZ C 220 T CDI BlueEFFICIENCY Avantgarde (Automata)
Dízel,2011/6,2 143 cm³,170 LE,125 kW,183 000 km,3 599 000,MERCEDES-BENZ C 220 CDI BlueEFFICIENCY Avantgarde (Automata) AMG! NAVI.BŐR.SÉRMENTES!
Dízel,2010/11,2 143 cm³,170 LE,125 kW,160 000 km,3 599 999,MERCEDES-BENZ C 220 CDI BlueEFFICIENCY Avantgarde (Automata)
Dízel,2011/2,2 143 cm³,170 LE,125 kW,109 000 km,3 690 000,MERCEDES-BENZ C 220 T CDI BlueEFFICIENCY Avantgarde (Automata) 109 E KM/NAVI/RADAR/TETŐ/ALU/XENON/FÉLBŐR
Dízel,2008/3,2 148 cm³,170 LE,125 kW,84 000 km,3 790 000,MERCEDES-BENZ C 220 T CDI Avantgarde (Automata)
Dízel,2011/5,2 143 cm³,170 LE,125 kW,266 000 km,3 790 000,MERCEDES-BENZ C 220 CDI BlueEFFICIENCY Avantgarde (Automata) BŐR. XENON. NAVI
Dízel,2013/2,2 143 cm³,170 LE,125 kW,228 143 km,3 799 000,MERCEDES-BENZ C 220 T CDI BlueEFFICIENCY Avantgarde (Automata) NAVI
Dízel,2013/10,2 143 cm³,170 LE,125 kW,316 674 km,3 800 000,MERCEDES-BENZ C 220 CDI BlueEFFICIENCY Avantgarde
Dízel,2011/7,2 143 cm³,170 LE,125 kW,193 200 km,3 848 000,MERCEDES-BENZ C 220 T CDI BlueEFFICIENCY Avantgarde
Dízel,2011/10,2 143 cm³,170 LE,125 kW,225 782 km,3 850 000,MERCEDES-BENZ C 220 CDI BlueEFFICIENCY Avantgarde (Automata)
Dízel,2013/11,2 143 cm³,170 LE,125 kW,217 400 km,3 890 000,MERCEDES-BENZ C 220 T CDI 4Matic BlueEFFICIENCY Elegance (Automata)
Dízel,2012/5,2 143 cm³,170 LE,125 kW,229 000 km,3 950 000,MERCEDES-BENZ C 220 CDI BlueEFFICIENCY Avantgarde (Automata)
Dízel,2013/2,2 143 cm³,170 LE,125 kW,208 000 km,3 990 000,MERCEDES-BENZ C 220 CDI BlueEFFICIENCY
Dízel,2012/7,2 143 cm³,170 LE,125 kW,270 000 km,3 990 000,MERCEDES-BENZ C 220 CDI BlueEFFICIENCY Elegance (Automata)
Dízel,2011/11,2 143 cm³,170 LE,125 kW,179 000 km,3 990 000,MERCEDES-BENZ C 220 CDI BlueEFFICIENCY Elegance (Automata) NAVI.XENON.AUTÓMATA.SÉRÜLÉSMENTES.MEGKÍMÉLT!!!!
Dízel,2011/10,2 143 cm³,170 LE,125 kW,3 km,3 990 000,MERCEDES-BENZ C 220 T CDI BlueEFFICIENCY Avantgarde AMG PLUS-HARMAN KARDON
Dízel,2012/1,2 143 cm³,170 LE,125 kW,129 000 km,3 999 000,MERCEDES-BENZ C 220 CDI BlueEFFICIENCY Avantgarde (Automata)
Dízel,2014/1,2 143 cm³,170 LE,125 kW,239 000 km,3 999 999,MERCEDES-BENZ C 220 T CDI BlueEFFICIENCY Avantgarde (Automata)
Dízel,2013/11,2 143 cm³,136 LE,100 kW,189 000 km,3 999 999,MERCEDES-BENZ C 220 T CDI BlueEFFICIENCY Elegance (Automata) Navigáció!Kifogástalan!
Dízel,2012,2 143 cm³,170 LE,125 kW,83 000 km,4 190 000,MERCEDES-BENZ C 220 T CDI BlueEFFICIENCY Elegance
Dízel,2012/5,2 143 cm³,170 LE,125 kW,234 000 km,4 190 000,MERCEDES-BENZ C 220 CDI BlueEFFICIENCY (Automata)
Dízel,2013/12,2 143 cm³,170 LE,125 kW,173 854 km,4 199 000,MERCEDES-BENZ C 220 CDI BlueEFFICIENCY
Dízel,2011/9,2 143 cm³,170 LE,125 kW,104 789 km,4 200 000,MERCEDES-BENZ C 220 CDI BlueEFFICIENCY Avantgarde (Automata)
Dízel,2013/3,2 143 cm³,170 LE,125 kW,149 100 km,4 290 000,MERCEDES-BENZ C 220 T CDI BlueEFFICIENCY Avantgarde (Automata)
Dízel,2013/5,2 143 cm³,170 LE,125 kW,116 000 km,4 400 000,MERCEDES-BENZ C 220 T CDI BlueEFFICIENCY Avantgarde
Dízel,2013/7,2 143 cm³,170 LE,125 kW,69 326 km,4 444 444,MERCEDES-BENZ C 220 CDI BlueEFFICIENCY Avantgarde (Automata) Mo-i - CSUPÁN 69e km - ELEKTRONIKUSAN LEINFORMÁLHATÓ!!!
Dízel,2013/7,2 143 cm³,170 LE,125 kW,167 350 km,4 450 000,MERCEDES-BENZ C 220 CDI BlueEFFICIENCY Classic
Dízel,2015/5,2 143 cm³,170 LE,125 kW,202 300 km,4 490 000,MERCEDES-BENZ C 220 T BlueTEC d
Dízel,2013/4,2 143 cm³,170 LE,125 kW,191 000 km,4 499 000,MERCEDES-BENZ C 220 T CDI BlueEFFICIENCY Avantgarde (Automata) GYÁRI FÉNY!SZERV.KÖNYV!
Dízel,2013/3,2 143 cm³,170 LE,125 kW,201 000 km,4 500 000,MERCEDES-BENZ C 220 CDI BlueEFFICIENCY Elegance (Automata)
Dízel,2014/2,2 143 cm³,170 LE,125 kW,149 000 km,4 550 000,MERCEDES-BENZ C 220 T CDI BlueEFFICIENCY Avantgarde (Automata)
Dízel,2015,2 143 cm³,170 LE,125 kW,210 000 km,4 650 000,MERCEDES-BENZ C 220 T BlueTEC/d 7G-TRONIC NAVIGÁCIÓ SPORT PACKET
Dízel,2014/11,2 143 cm³,170 LE,125 kW,182 000 km,4 490 000,MERCEDES-BENZ C 220 T BlueTEC d 19 AMG+gyári téli.magánszemélytől
Dízel,2015/5,2 143 cm³,170 LE,125 kW,205 000 km,4 690 000,MERCEDES-BENZ C 220 T BlueTEC d Panoráma.NAVI.LED.Sportbelső
Dízel,2012/11,2 143 cm³,170 LE,125 kW,150 000 km,4 698 000,MERCEDES-BENZ C 220 CDI BlueEFFICIENCY (Automata) AMG
Dízel,2013/10,2 143 cm³,170 LE,125 kW,106 354 km,4 699 000,MERCEDES-BENZ C 220 T CDI BlueEFFICIENCY Elegance
Dízel,2013/12,2 143 cm³,170 LE,125 kW,104 900 km,4 699 900,MERCEDES-BENZ C 220 CDI BlueEFFICIENCY FACELIFT-ES
Dízel,2015/5,2 143 cm³,170 LE,125 kW,306 000 km,4 750 000,MERCEDES-BENZ C 220 T BlueTEC/d 7G-TRONIC BŐR LED F1
Dízel,2015/1,2 143 cm³,170 LE,125 kW,229 444 km,4 799 000,MERCEDES-BENZ C 220 T BlueTEC d sérülésmentes. szervizkönyves
Dízel,2013/3,2 143 cm³,170 LE,125 kW,150 500 km,4 800 000,MERCEDES-BENZ C 220 T CDI BlueEFFICIENCY Avantgarde (Automata)
Dízel,2013/9,2 143 cm³,170 LE,125 kW,111 000 km,4 990 000,MERCEDES-BENZ C 220 T CDI BlueEFFICIENCY Avantgarde (Automata)
Dízel,2014/1,2 143 cm³,170 LE,125 kW,83 500 km,4 990 000,MERCEDES-BENZ C 220 T CDI BlueEFFICIENCY Avantgarde 85E.KM!! GYÁRI ÁLLAPOT!
Dízel,2015/5,2 143 cm³,170 LE,125 kW,150 084 km,4 990 000,MERCEDES-BENZ C 220 T BlueTEC d mo.. áfá-s
Dízel,2012/11,2 143 cm³,170 LE,125 kW,76 000 km,4 990 000,MERCEDES-BENZ C 220 CDI BlueEFFICIENCY Avantgarde (Automata)
Dízel,2014/9,2 143 cm³,170 LE,125 kW,179 000 km,4 998 000,MERCEDES-BENZ C 220 BlueTEC/d 7G-TRONIC Gyönyörű. LED. NAVI
Dízel,2015/12,2 143 cm³,170 LE,125 kW,211 000 km,4 999 000,MERCEDES-BENZ C 220 BlueTEC/d 7G-TRONIC
Dízel,2015/7,2 143 cm³,170 LE,125 kW,182 000 km,5 000 000,MERCEDES-BENZ C 220 T BlueTEC/d 7G-TRONIC
Dízel,2013/10,2 143 cm³,163 LE,120 kW,206 000 km,5 100 000,MERCEDES-BENZ C 220 BlueTEC/d BlueEFFICIENCY 7G-TRONIC
Dízel,2013/9,2 143 cm³,170 LE,125 kW,260 000 km,5 100 000,MERCEDES-BENZ C 220 CDI BlueEFFICIENCY Avantgarde
Dízel,2013/10,2 143 cm³,170 LE,125 kW,137 500 km,5 200 000,MERCEDES-BENZ C 220 T CDI BlueEFFICIENCY Avantgarde (Automata) AMG
Dízel,2014/6,2 143 cm³,163 LE,120 kW,102 000 km,5 250 000,MERCEDES-BENZ C 220 BlueTEC/d BlueEFFICIENCY 7G-TRONIC
Dízel,2015/3,2 143 cm³,163 LE,120 kW,181 000 km,5 298 000,MERCEDES-BENZ C 220 T BlueTEC d
Dízel,2015/1,2 143 cm³,170 LE,125 kW,222 000 km,5 299 000,MERCEDES-BENZ C 220 T BlueTEC d
Dízel,2014/10,2 143 cm³,170 LE,125 kW,148 594 km,5 488 888,MERCEDES-BENZ C 220 BlueTEC/d
Dízel,2014/12,2 143 cm³,170 LE,125 kW,164 000 km,5 490 000,MERCEDES-BENZ C 220 BlueTEC/d 7G-TRONIC
Dízel,2014/10,2 143 cm³,170 LE,125 kW,180 600 km,5 490 000,MERCEDES-BENZ C 220 T BlueTEC/d 7G-TRONIC BURMESTER. F1
Dízel,2015/3,2 143 cm³,170 LE,125 kW,132 232 km,5 490 000,MERCEDES-BENZ C 220 T BlueTEC/d 7G-TRONIC Navi-Tolatókamera-Áfa-s
Dízel,2016/1,2 143 cm³,170 LE,125 kW,181 000 km,5 499 999,MERCEDES-BENZ C 220 T BlueTEC/d 7G-TRONIC MEGA AKCIÓ+GARANCIA+SZERVIZK+NÉVRE ÍRVA+JÓ AUTÓ
Dízel,2014/11,2 143 cm³,170 LE,125 kW,127 000 km,5 690 000,MERCEDES-BENZ C 220 CDI BlueEFFICIENCY Avantgarde (Automata)
Dízel,2015/1,2 143 cm³,170 LE,125 kW,209 000 km,5 690 000,MERCEDES-BENZ C 220 T BlueTEC d Business-paket
Dízel,2016/1,2 143 cm³,170 LE,125 kW,236 122 km,5 698 000,MERCEDES-BENZ C 220 T BlueTEC/d 7G-TRONIC vezetett szervizkönyv
Dízel,2015/3,2 143 cm³,170 LE,125 kW,182 000 km,5 690 000,MERCEDES-BENZ C 220 T BlueTEC/d 7G-TRONIC
Dízel,2016/4,2 143 cm³,170 LE,125 kW,154 902 km,5 990 000,MERCEDES-BENZ C 220 T BlueTEC d
Dízel,2011,2 143 cm³,200 LE,147 kW,136 000 km,5 990 000,MERCEDES-BENZ C 220 CDI BlueEFFICIENCY Avantgarde (Automata) BRABUS!/Harman Kardon!
Dízel,2011/11,2 143 cm³,170 LE,125 kW,175 000 km,5 999 000,MERCEDES-BENZ C 220 CDI BlueEFFICIENCY (Automata) Edition 1
Dízel,2015/2,2 143 cm³,170 LE,125 kW,150 000 km,6 250 000,MERCEDES-BENZ C 220 T CDI BlueEFFICIENCY Avantgarde (Automata) DISTRONIC-PARK ASSIST-LED-SÁVTARTÓ !!!
Dízel,2015/3,2 143 cm³,170 LE,125 kW,124 100 km,6 390 000,MERCEDES-BENZ C 220 T BlueTEC/d 7G-TRONIC AKTÍV TEMPOMAT-NAVI-DIGIT KLÍMA-LED
Dízel,2015/6,2 143 cm³,170 LE,125 kW,88 119 km,6 399 000,MERCEDES-BENZ C 220 T CDI BlueEFFICIENCY Elegance (Automata)
Dízel,2016/8,2 143 cm³,170 LE,125 kW,169 000 km,6 499 000,MERCEDES-BENZ C 220 T BlueTEC/d 7G-TRONIC ÁFÁS ÁR!!
Dízel,2014/2,2 143 cm³,170 LE,125 kW,96 000 km,6 500 000,MERCEDES-BENZ C 220 BlueTEC/d
Dízel,2014/8,2 143 cm³,170 LE,125 kW,101 000 km,6 500 000,MERCEDES-BENZ C 220 BlueTEC/d
Dízel,2014/8,2 143 cm³,170 LE,125 kW,86 441 km,6 590 000,MERCEDES-BENZ C 220 BlueTEC/d 7G-TRONIC M.O.i . Vezetett szervizköny !
Dízel,2014/4,2 143 cm³,170 LE,125 kW,160 365 km,6 598 000,MERCEDES-BENZ C 220 BlueTEC/d 7G-TRONIC FÉLBŐR - 160e km - LED - NAVI - NAPFÉNYTETŐ!!!
Dízel,2016/4,2 143 cm³,170 LE,125 kW,160 250 km,6 700 000,MERCEDES-BENZ C 220 T d 4Matic 7G-TRONIC Számlaképes!!!
Dízel,2015/7,2 143 cm³,170 LE,125 kW,146 000 km,6 899 000,MERCEDES-BENZ C 220 CDI BlueEFFICIENCY Avantgarde (Automata) Led Navi Sávtartó Aktív Kormány Sport 2xPdc El. Ülések
Dízel,2016/5,2 143 cm³,170 LE,125 kW,139 600 km,6 990 000,MERCEDES-BENZ C 220 T BlueTEC/d 7G-TRONIC MAGYAR 1.TUL-NAVI-LED-TEMPOMAT!
Dízel,2015/2,2 143 cm³,170 LE,125 kW,94 000 km,6 990 000,MERCEDES-BENZ C 220 BlueTEC/d
Dízel,2016/10,2 143 cm³,163 LE,120 kW,189 000 km,6 990 000,MERCEDES-BENZ C 220 BlueTEC/d BlueEFFICIENCY 7G-TRONIC Sérülésmentes!magyarorszagi pappas-nal vásárolt és szervizért!
Dízel,2015,2 143 cm³,170 LE,125 kW,167 000 km,6 999 000,MERCEDES-BENZ C 220 T BLUETEC. DESIGNO! belső egyedi luxusérzet
Dízel,2014/12,2 143 cm³,211 LE,155 kW,170 000 km,6 999 000,MERCEDES-BENZ C 220 BlueTEC/d 7G-TRONIC AMG LINE/HEAD UP/B&O
Dízel,2015/9,2 143 cm³,170 LE,125 kW,174 000 km,6 999 000,MERCEDES-BENZ C 220 T CDI BlueEFFICIENCY Avantgarde
Dízel,2015/2,2 143 cm³,170 LE,125 kW,130 000 km,6 990 000,MERCEDES-BENZ C 220 BlueTEC/d 7G-TRONIC Excellent. AMG line. panoráma. full bőr. F1 váltó. AMG felni. téli -nyári garnit
Dízel,2015/2,2 143 cm³,170 LE,125 kW,61 454 km,7 290 000,MERCEDES-BENZ C 220 CDI BE T Avantgarde/Comand/PDC/Kamera
Dízel,2016,2 143 cm³,170 LE,125 kW,133 500 km,7 490 000,MERCEDES-BENZ C 220 T BlueTEC/d 7G-TRONIC
Dízel,2015/7,2 143 cm³,170 LE,125 kW,128 000 km,7 590 000,MERCEDES-BENZ C 220 T BlueTEC/d 7G-TRONIC AMG LINE
Dízel,2016/3,2 143 cm³,170 LE,125 kW,51 700 km,7 699 000,MERCEDES-BENZ C 220 T BlueTEC d 51700 KILOMÉTER.GARANTÁLT!
Dízel,2016/4,2 143 cm³,170 LE,125 kW,81 000 km,7 790 000,MERCEDES-BENZ C 220 BlueTEC/d 7G-TRONIC NAVI LED ÜLÉSFŰTÉS MAGYAR GARANCIÁLIS
Dízel,2016/7,2 143 cm³,170 LE,125 kW,72 500 km,7 799 000,MERCEDES-BENZ C 220 BlueTEC/d 7G-TRONIC AMG-Navi-Kamera-Bőr-70eKM!
Dízel,2016/4,2 143 cm³,170 LE,125 kW,75 000 km,7 800 000,MERCEDES-BENZ C 220 BlueTEC/d 7G-TRONIC
Dízel,2017/12,2 143 cm³,170 LE,125 kW,95 400 km,7 990 000,MERCEDES-BENZ C 220 T d 9G-TRONIC AVANTGARDE NIGHT LED. GYÁRI GARANCIÁVAL. SÉRÜLÉSMENTES
Dízel,2016/5,2 143 cm³,170 LE,125 kW,30 609 km,7 990 000,MERCEDES-BENZ C 220 BlueTEC/d 7G-TRONIC
Dízel,2017/2,2 143 cm³,170 LE,125 kW,90 815 km,7 990 000,MERCEDES-BENZ C 220 d T Avantgarde/Panoráma/LED/Tolatókamera
Dízel,2014/1,2 143 cm³,170 LE,125 kW,60 200 km,8 090 000,MERCEDES-BENZ C 220 CDI T/Comand/LED/Kamera
Dízel,2015/3,2 143 cm³,170 LE,125 kW,71 267 km,8 090 000,MERCEDES-BENZ C 220 d T Avantgarde/LED/Kamera/PDC
Dízel,2016/7,2 143 cm³,170 LE,125 kW,93 720 km,8 199 000,MERCEDES-BENZ C 220 T d 4Matic 7G-TRONIC AMG.összkerék.gyári garancia!
Dízel,2016/1,2 143 cm³,170 LE,125 kW,47 900 km,8 220 000,MERCEDES-BENZ C 220 d 4Matic 9G-TRONIC Panoráma. Xenon. Navi
Dízel,2015/6,2 143 cm³,170 LE,125 kW,119 000 km,8 499 999,MERCEDES-BENZ C 220 BlueTEC/d 7G-TRONIC AMG MAGYARORSZÁGI Full
Dízel,2016/3,2 143 cm³,170 LE,125 kW,52 500 km,8 790 000,MERCEDES-BENZ C 220 d 7G-TRONIC PLUS
Dízel,2015/11,2 143 cm³,170 LE,125 kW,91 477 km,8 790 000,MERCEDES-BENZ C 220 BlueTEC Avantgarde/Panoráma/COMAND/Kamera
Dízel,2015/7,2 143 cm³,170 LE,125 kW,76 801 km,8 790 000,MERCEDES-BENZ C 220 d Avantgarde/Comand/HUD/LED
Dízel,2017/4,2 143 cm³,170 LE,125 kW,40 000 km,8 880 000,MERCEDES-BENZ C 220 d 9G-TRONIC Avantgarde
Dízel,2018/4,2 143 cm³,170 LE,125 kW,31 667 km,9 299 000,MERCEDES-BENZ C 220 d 9G-TRONIC 31667KM ÚJSZERŰ
Dízel,2018/4,2 143 cm³,170 LE,125 kW,30 210 km,9 299 000,MERCEDES-BENZ C 220 d 9G-TRONIC Command. napfénytető. LED+
Dízel,2017/9,2 143 cm³,170 LE,125 kW,147 000 km,9 490 000,MERCEDES-BENZ C 220 d 4Matic 9G-TRONIC GARANCIÁLIS/AVANTGARDE BELSŐ/SOK EXTRA
Dízel,2014/10,2 143 cm³,170 LE,125 kW,81 403 km,9 490 000,MERCEDES-BENZ C 220 d Avatgarde/Comand/LED/Kamera
Dízel,2016/6,2 143 cm³,170 LE,125 kW,55 000 km,9 590 000,MERCEDES-BENZ C 220 BlueTEC/d 7G-TRONIC Mo-i! Újszerű!55ekm! Km-futás GARANCIA!
Dízel,2015/6,2 143 cm³,170 LE,125 kW,71 144 km,9 590 000,MERCEDES-BENZ C 220 d T AMG/LED/KEYLESSGO/Kamera
Dízel,2015/10,2 143 cm³,170 LE,125 kW,76 550 km,9 790 000,MERCEDES-BENZ C 220 T AMG-LINE/LED/Kamera/Parkolóradar
Dízel,2017/1,2 143 cm³,170 LE,125 kW,19 800 km,9 799 000,MERCEDES-BENZ C 220 BlueTEC/d 7G-TRONIC AMG - Line. ÁFA-s. Garanciális. Magyarországi
Dízel,2017/5,2 143 cm³,170 LE,125 kW,25 018 km,10 190 000,MERCEDES-BENZ C 220 d Avantgarde AMG 4M/LED/Navi/Sávtartó
Dízel,2018/6,2 143 cm³,170 LE,125 kW,18 200 km,10 199 000,MERCEDES-BENZ C 220 d 9G-TRONIC 2020.06.-ig Gyári Mercedes Garancia. első tulajdonostól. sérülésmentes
Dízel,2018/4,2 143 cm³,170 LE,125 kW,8 690 km,10 263 800,MERCEDES-BENZ C 220 d 9G-TRONIC
Dízel,2016/3,2 143 cm³,170 LE,125 kW,82 010 km,10 290 000,MERCEDES-BENZ C 220 T BlueTEC/d 7G-TRONIC Mo-i. Áfá-s. Garancia. 1 tulaj
Dízel,2018/4,2 143 cm³,170 LE,125 kW,29 125 km,10 390 000,MERCEDES-BENZ C 220 d Avangarde/Navi/LED/Parkolóradar
Dízel,2018/7,2 143 cm³,170 LE,125 kW,18 360 km,10 433 900,MERCEDES-BENZ C 220 T d 9G-TRONIC
Dízel,2018/3,2 143 cm³,170 LE,125 kW,29 460 km,10 490 000,MERCEDES-BENZ C 220 d 9G Avantgarde/Navi/LED/Napfénytető
Dízel,2019/1,1 950 cm³,194 LE,143 kW,36 400 km,10 500 000,MERCEDES-BENZ C 220 d 9G-TRONIC Avantgarde
Dízel,2016/6,2 143 cm³,170 LE,125 kW,39 000 km,10 550 000,MERCEDES-BENZ C 220 d Coupe
Dízel,2018/2,2 143 cm³,170 LE,125 kW,30 702 km,10 690 000,MERCEDES-BENZ C 220 d T Exclusive/Navi/ParkPilot/LED
Dízel,2018/6,2 143 cm³,170 LE,125 kW,7 768 km,10 890 000,MERCEDES-BENZ C 220 d T Avantgarde/Navi/360Kam/Légrugózás
Dízel,2017/1,2 143 cm³,170 LE,125 kW,26 900 km,10 990 000,MERCEDES-BENZ C 220 T d 4Matic 9G-TRONIC AMG. Matt fény. Légrugó. 4Matic
Dízel,2017/11,2 143 cm³,170 LE,125 kW,32 300 km,11 179 400,MERCEDES-BENZ C 220 T d 9G-TRONIC AMG Line
Dízel,2018/11,1 950 cm³,194 LE,143 kW,8 330 km,11 225 700,MERCEDES-BENZ C 220 T d 9G-TRONIC Avantgarde Aut. Facelift
Dízel,2017/3,2 143 cm³,170 LE,125 kW,40 000 km,11 400 000,MERCEDES-BENZ C 220 T d 4Matic 9G-TRONIC AMG FULL
Dízel,2018/11,1 950 cm³,194 LE,143 kW,10 400 km,11 590 000,MERCEDES-BENZ C 220 d 9G-TRONIC 194Le Facelift 10ekm! Avantgarde Distro Led Kamera Nagy Navi
Dízel,2018,1 950 cm³,194 L,143 kW,0,11 772 770,MERCEDES-BENZ C 220 T d 4Matic 9G-TRONIC
Dízel,2018/11,1 950 cm³,194 LE,143 kW,25 640 km,11 885 700,MERCEDES-BENZ C 220 d 9G-TRONIC Avantgarde
Dízel,2018/12,1 950 cm³,194 LE,143 kW,10 050 km,11 887 100,MERCEDES-BENZ C 220 d 9G-TRONIC Avantgarde
Dízel,2019/2,1 950 cm³,194 LE,143 kW,10 000 km,11 951 000,MERCEDES-BENZ C 220 T d 9G-TRONIC Vételár: 9.410.236.-Ft. + ÁFA
Dízel,2018/10,1 950 cm³,194 LE,143 kW,3 700 km,11 990 000,MERCEDES-BENZ C 220 d 9G-TRONIC MAGYARORSZÁGI.ÁFÁS!
Dízel,2018/5,2 143 cm³,170 LE,125 kW,29 100 km,11 990 000,MERCEDES-BENZ C 220 d T Avantgarde/Panoráma/LED/Parkolóradar
Dízel,2018/10,1 950 cm³,194 LE,143 kW,25 870 km,12 016 400,MERCEDES-BENZ C 220 T d 4Matic 9G-TRONIC Avantgarde Aut
Dízel,2019/5,1 950 cm³,194 LE,143 kW,7 787 km,12 350 000,MERCEDES-BENZ C 220 d 4Matic 9G-TRONIC AMG Mo.-i. Karcmentes. 4 ÉV GARANCIÁVAL!
Dízel,2019/1,1 950 cm³,194 LE,143 kW,21 000 km,12 460 000,MERCEDES-BENZ C 220 d 9G-TRONIC AMG
Dízel,2018/12,2 143 cm³,170 LE,125 kW,16 580 km,12 488 300,MERCEDES-BENZ C 220 d 9G-TRONIC AMG-Line 4 Matic
Dízel,2018/12,2 143 cm³,170 LE,125 kW,20 700 km,12 488 600,MERCEDES-BENZ C 220 d 9G-TRONIC AMG-Line 4 Matic
Dízel,2018/12,1 950 cm³,194 LE,143 kW,50 km,12 499 000,MERCEDES-BENZ C 220 d 9G-TRONIC
Dízel,2019/2,1 950 cm³,194 L,143 kW,0,12 546 584,MERCEDES-BENZ C 220 d 4Matic 9G-TRONIC Légrugós
Dízel,2017/6,2 143 cm³,170 LE,125 kW,57 000 km,12 590 000,MERCEDES-BENZ C 220 d Áfás
Dízel,2018/9,1 950 cm³,194 LE,143 kW,10 km,12 625 704,MERCEDES-BENZ C 220 d 9G-TRONIC BÖRZE ÁR !!!
Dízel,2019,1 950 cm³,194 L,143 kW,0,12 650 000,MERCEDES-BENZ C 220 d 4Matic 9G-TRONIC
Dízel,2018/12,2 143 cm³,170 LE,125 kW,11 840 km,12 857 600,MERCEDES-BENZ C 220 d 9G-TRONIC AMG-Line 4Matic Aut
Dízel,2018/5,2 143 cm³,170 LE,125 kW,12 000 km,12 950 000,MERCEDES-BENZ C 220 d 9G-TRONIC C220 d AMG Line
Dízel,2018/8,2 143 cm³,170 LE,125 kW,14 904 km,12 990 000,MERCEDES-BENZ C 220 d Coupe AMG/Alcantara/Kamera/Navi
Dízel,2016/9,2 143 cm³,170 LE,125 kW,38 162 km,12 990 000,MERCEDES-BENZ C 220 d Cabrio AMG/Kamera/Burmester/LED
Dízel,2018/5,2 143 cm³,170 LE,125 kW,14 000 km,12 999 999,MERCEDES-BENZ C 220 d 9G-TRONIC AMG.LEDlámpa.Panorámatető
Dízel,2018,1 950 cm³,194 L,143 kW,0,13 040 140,MERCEDES-BENZ C 220 d 4Matic 9G-TRONIC
Dízel,2019,1 950 cm³,194 LE,143 kW,10 km,13 290 000,MERCEDES-BENZ C 220 T d 4Matic 9G-TRONIC
Dízel,2018/1,2 143 cm³,170 LE,125 kW,33 098 km,13 590 000,MERCEDES-BENZ C 220 d 4M AMG/Navi/360Kam/HUD
Dízel,2018/1,1 950 cm³,194 LE,143 kW,10 km,13 639 530,MERCEDES-BENZ C 220 d 4Matic 9G-TRONIC
Dízel,2019,1 950 cm³,194 LE,143 kW,400 km,13 700 000,MERCEDES-BENZ C 220 d 9G-TRONIC Tesztautó BÖRZE ÁR !!!
Dízel,2019,1 950 cm³,194 LE,143 kW,24 000 km,13 790 000,MERCEDES-BENZ C 220 d 4Matic 9G-TRONIC
Dízel,2019/6,1 950 cm³,194 LE,143 kW,5 km,13 800 000,MERCEDES-BENZ C 220 d 4Matic 9G-TRONIC
Dízel,2018/10,1 950 cm³,194 L,143 kW,0,13 829 537,MERCEDES-BENZ C 220 d 4Matic 9G-TRONIC
Dízel,2018/1,2 143 cm³,170 LE,125 kW,12 070 km,13 999 000,MERCEDES-BENZ C 220 D AMG LINE 9G ILS LED
Dízel,2019/6,2 143 cm³,170 L,125 kW,0,14 670 506,MERCEDES-BENZ C 220 d 9G-TRONIC
Dízel,2019,1 950 cm³,194 L,143 kW,0,14 843 190,MERCEDES-BENZ C 220 d 4Matic 9G-TRONIC
Dízel,2019/6,1 950 cm³,194 LE,143 kW,2 000 km,14 986 761,MERCEDES-BENZ C 220 T d 4Matic 9G-TRONIC
Dízel,2019,1 950 cm³,194 L,143 kW,0,14 990 000,MERCEDES-BENZ C 220 d 4Matic 9G-TRONIC
Dízel,2019/3,1 950 cm³,194 LE,143 kW,6 000 km,14 990 000,MERCEDES-BENZ C 220 d 4Matic 9G-TRONIC AMG TESZTAUTÓ!
Dízel,2018/10,1 950 cm³,194 L,143 kW,0,15 016 987,MERCEDES-BENZ C 220 d 4Matic 9G-TRONIC
Dízel,2019/10,1 950 cm³,194 LE,143 kW,10 km,15 190 000,MERCEDES-BENZ C 220 d 4Matic 9G-TRONIC Coupe AMG
Dízel,2019,1 950 cm³,194 L,143 kW,0,15 290 000,MERCEDES-BENZ C 220 d 4Matic 9G-TRONIC Coupé
Dízel,2018/7,1 950 cm³,194 L,143 kW,0,15 529 585,MERCEDES-BENZ C 220 T d 4Matic 9G-TRONIC
Dízel,2019/6,1 950 cm³,194 L,143 kW,0,15 584 702,MERCEDES-BENZ C 220 T d 4Matic 9G-TRONIC
Dízel,2019/6,1 950 cm³,194 LE,143 kW,2 000 km,15 713 265,MERCEDES-BENZ C 220 T d 4Matic 9G-TRONIC
Dízel,2019/10,1 950 cm³,194 LE,143 kW,10 km,15 990 000,MERCEDES-BENZ C 220 d 4Matic 9G-TRONIC AMG
Dízel,2019/6,1 950 cm³,194 LE,143 kW,10 km,16 490 000,MERCEDES-BENZ C 220 d 4Matic 9G-TRONIC AMG
Dízel,2019/12,1 950 cm³,194 LE,143 kW,10 km,16 590 000,MERCEDES-BENZ C 220 T d 4Matic 9G-TRONIC AMG
Dízel,2019,1 950 cm³,194 L,143 kW,0,16 910 000,MERCEDES-BENZ C 220 d 9G-TRONIC Áfá-s
Dízel,2019,1 950 cm³,194 L,143 kW,0,16 990 000,MERCEDES-BENZ C 220 d 4Matic 9G-TRONIC ÁFÁ-s
Dízel,2019,1 950 cm³,194 L,143 kW,0,16 990 000,MERCEDES-BENZ C 220 d 9G-TRONIC Áfá-s
Dízel,2019/12,1 950 cm³,194 LE,143 kW,10 km,17 190 000,MERCEDES-BENZ C 220 d 4Matic 9G-TRONIC AMG
Dízel,2018/7,2 143 cm³,170 L,125 kW,0,17 322 838,MERCEDES-BENZ C 220 T d 4Matic 9G-TRONIC
Dízel,2019/8,1 950 cm³,194 LE,143 kW,3 000 km,17 520 000,MERCEDES-BENZ C 220 d T AMG*Burmester*
Dízel,2018/9,1 950 cm³,194 L,143 kW,0,17 654 206,MERCEDES-BENZ C 220 d 4Matic 9G-TRONIC
Dízel,2019/12,1 950 cm³,194 LE,143 kW,10 km,17 890 000,MERCEDES-BENZ C 220 d 4Matic 9G-TRONIC AMG
Dízel,2019/12,1 950 cm³,194 LE,143 kW,10 km,18 190 000,MERCEDES-BENZ C 220 d 4Matic 9G-TRONIC AMG
Dízel,2019/12,1 950 cm³,194 LE,143 kW,10 km,18 990 000,MERCEDES-BENZ C 220 d 4Matic 9G-TRONIC AMG
Dízel,2019/12,1 950 cm³,194 LE,143 kW,10 km,19 490 000,MERCEDES-BENZ C 220 T d 4Matic 9G-TRONIC AMG
Dízel,2019/12,1 950 cm³,194 LE,143 kW,10 km,19 490 000,MERCEDES-BENZ C 220 d 4Matic 9G-TRONIC AMG
